2026-03-07T07:59:55Z,a1133fefc1b5edfa96c3686fd72960098e3be804,amd-24.04-22.x,365482884
2026-03-07T07:59:55Z,a1133fefc1b5edfa96c3686fd72960098e3be804,arm-24.04-22.x,361626171
2026-03-07T07:59:55Z,a1133fefc1b5edfa96c3686fd72960098e3be804,amd-24.04-24.x,365503664
2026-03-07T07:59:55Z,a1133fefc1b5edfa96c3686fd72960098e3be804,arm-24.04-24.x,361523938
2026-03-07T07:59:55Z,a1133fefc1b5edfa96c3686fd72960098e3be804,amd-alpine-22,260197875
2026-03-07T07:59:55Z,a1133fefc1b5edfa96c3686fd72960098e3be804,arm-alpine-22,251737661
2026-03-07T07:59:55Z,a1133fefc1b5edfa96c3686fd72960098e3be804,amd-alpine-24,259525444
2026-03-07T07:59:55Z,a1133fefc1b5edfa96c3686fd72960098e3be804,arm-alpine-24,251310476
2026-03-07T17:06:46Z,2e61251a80baa562e432f0c7699590fe9d38ed6c,amd-24.04-22.x,365478392
2026-03-07T17:06:46Z,2e61251a80baa562e432f0c7699590fe9d38ed6c,arm-24.04-22.x,361623076
2026-03-07T17:06:46Z,2e61251a80baa562e432f0c7699590fe9d38ed6c,amd-24.04-24.x,365502197
2026-03-07T17:06:46Z,2e61251a80baa562e432f0c7699590fe9d38ed6c,arm-24.04-24.x,361525038
2026-03-07T17:06:46Z,2e61251a80baa562e432f0c7699590fe9d38ed6c,amd-alpine-22,260198552
2026-03-07T17:06:46Z,2e61251a80baa562e432f0c7699590fe9d38ed6c,arm-alpine-22,251738427
2026-03-07T17:06:46Z,2e61251a80baa562e432f0c7699590fe9d38ed6c,amd-alpine-24,259523111
2026-03-07T17:06:46Z,2e61251a80baa562e432f0c7699590fe9d38ed6c,arm-alpine-24,251315458
2026-03-07T17:15:36Z,d67850fcaf47f1bc5b0c524c3866201e98958066,amd-24.04-22.x,365481861
2026-03-07T17:15:36Z,d67850fcaf47f1bc5b0c524c3866201e98958066,arm-24.04-22.x,361626024
2026-03-07T17:15:36Z,d67850fcaf47f1bc5b0c524c3866201e98958066,amd-24.04-24.x,365504793
2026-03-07T17:15:36Z,d67850fcaf47f1bc5b0c524c3866201e98958066,arm-24.04-24.x,361529757
2026-03-07T17:15:36Z,d67850fcaf47f1bc5b0c524c3866201e98958066,amd-alpine-22,260200579
2026-03-07T17:15:36Z,d67850fcaf47f1bc5b0c524c3866201e98958066,arm-alpine-22,251739687
2026-03-07T17:15:36Z,d67850fcaf47f1bc5b0c524c3866201e98958066,amd-alpine-24,259531549
2026-03-07T17:15:36Z,d67850fcaf47f1bc5b0c524c3866201e98958066,arm-alpine-24,251310695
2026-03-07T17:16:21Z,273d47c8cba23e5990120f20a41d2e83d0302432,amd-24.04-22.x,365481892
2026-03-07T17:16:21Z,273d47c8cba23e5990120f20a41d2e83d0302432,arm-24.04-22.x,361620590
2026-03-07T17:16:21Z,273d47c8cba23e5990120f20a41d2e83d0302432,amd-24.04-24.x,365502827
2026-03-07T17:16:21Z,273d47c8cba23e5990120f20a41d2e83d0302432,arm-24.04-24.x,361527418
2026-03-07T17:16:21Z,273d47c8cba23e5990120f20a41d2e83d0302432,amd-alpine-22,260200824
2026-03-07T17:16:21Z,273d47c8cba23e5990120f20a41d2e83d0302432,arm-alpine-22,251740604
2026-03-07T17:16:21Z,273d47c8cba23e5990120f20a41d2e83d0302432,amd-alpine-24,259531666
2026-03-07T17:16:21Z,273d47c8cba23e5990120f20a41d2e83d0302432,arm-alpine-24,251310574
2026-03-07T18:06:49Z,12ca06e14318581c651264dd8d287fe4a72cc4e4,amd-24.04-22.x,365481477
2026-03-07T18:06:49Z,12ca06e14318581c651264dd8d287fe4a72cc4e4,arm-24.04-22.x,361620750
2026-03-07T18:06:49Z,12ca06e14318581c651264dd8d287fe4a72cc4e4,amd-24.04-24.x,365504558
2026-03-07T18:06:49Z,12ca06e14318581c651264dd8d287fe4a72cc4e4,arm-24.04-24.x,361529390
2026-03-07T18:06:49Z,12ca06e14318581c651264dd8d287fe4a72cc4e4,amd-alpine-22,260200809
2026-03-07T18:06:49Z,12ca06e14318581c651264dd8d287fe4a72cc4e4,arm-alpine-22,251739842
2026-03-07T18:06:49Z,12ca06e14318581c651264dd8d287fe4a72cc4e4,amd-alpine-24,259531426
2026-03-07T18:06:49Z,12ca06e14318581c651264dd8d287fe4a72cc4e4,arm-alpine-24,251315654
2026-03-08T07:53:50Z,e67171129b34603d795fd9081f4590e322dfea67,amd-24.04-22.x,365484076
2026-03-08T07:53:50Z,e67171129b34603d795fd9081f4590e322dfea67,arm-24.04-22.x,361626776
2026-03-08T07:53:50Z,e67171129b34603d795fd9081f4590e322dfea67,amd-24.04-24.x,365503551
2026-03-08T07:53:50Z,e67171129b34603d795fd9081f4590e322dfea67,arm-24.04-24.x,361533652
2026-03-08T07:53:50Z,e67171129b34603d795fd9081f4590e322dfea67,amd-alpine-22,260201019
2026-03-08T07:53:50Z,e67171129b34603d795fd9081f4590e322dfea67,arm-alpine-22,251741767
2026-03-08T07:53:50Z,e67171129b34603d795fd9081f4590e322dfea67,amd-alpine-24,259531282
2026-03-08T07:53:50Z,e67171129b34603d795fd9081f4590e322dfea67,arm-alpine-24,251316058
2026-03-08T20:19:12Z,523e0142bd91ee63a3978a06837af39f92009c7f,amd-24.04-22.x,365482158
2026-03-08T20:19:12Z,523e0142bd91ee63a3978a06837af39f92009c7f,arm-24.04-22.x,361618749
2026-03-08T20:19:12Z,523e0142bd91ee63a3978a06837af39f92009c7f,amd-24.04-24.x,365503056
2026-03-08T20:19:12Z,523e0142bd91ee63a3978a06837af39f92009c7f,arm-24.04-24.x,361527367
2026-03-08T20:19:12Z,523e0142bd91ee63a3978a06837af39f92009c7f,amd-alpine-22,260201043
2026-03-08T20:19:12Z,523e0142bd91ee63a3978a06837af39f92009c7f,arm-alpine-22,251737227
2026-03-08T20:19:12Z,523e0142bd91ee63a3978a06837af39f92009c7f,amd-alpine-24,259531598
2026-03-08T20:19:12Z,523e0142bd91ee63a3978a06837af39f92009c7f,arm-alpine-24,251314906
2026-03-08T20:25:03Z,3f22aa97d76a052f8cfb3d2337572d62b43165dc,amd-24.04-22.x,365480052
2026-03-08T20:25:03Z,3f22aa97d76a052f8cfb3d2337572d62b43165dc,arm-24.04-22.x,361625608
2026-03-08T20:25:03Z,3f22aa97d76a052f8cfb3d2337572d62b43165dc,amd-24.04-24.x,365505768
2026-03-08T20:25:03Z,3f22aa97d76a052f8cfb3d2337572d62b43165dc,arm-24.04-24.x,361533513
2026-03-08T20:25:03Z,3f22aa97d76a052f8cfb3d2337572d62b43165dc,amd-alpine-22,260201234
2026-03-08T20:25:03Z,3f22aa97d76a052f8cfb3d2337572d62b43165dc,arm-alpine-22,251739916
2026-03-08T20:25:03Z,3f22aa97d76a052f8cfb3d2337572d62b43165dc,amd-alpine-24,259531393
2026-03-08T20:25:03Z,3f22aa97d76a052f8cfb3d2337572d62b43165dc,arm-alpine-24,251315275
2026-03-09T18:29:39Z,1109a898d82bd3911c28fbfb9c848b24652ca1ea,amd-24.04-22.x,365867720
2026-03-09T18:29:39Z,1109a898d82bd3911c28fbfb9c848b24652ca1ea,arm-24.04-22.x,361959698
2026-03-09T18:29:39Z,1109a898d82bd3911c28fbfb9c848b24652ca1ea,amd-24.04-24.x,365635995
2026-03-09T18:29:39Z,1109a898d82bd3911c28fbfb9c848b24652ca1ea,arm-24.04-24.x,361637252
2026-03-09T18:29:39Z,1109a898d82bd3911c28fbfb9c848b24652ca1ea,amd-alpine-22,260670491
2026-03-09T18:29:39Z,1109a898d82bd3911c28fbfb9c848b24652ca1ea,arm-alpine-22,252201087
2026-03-09T18:29:39Z,1109a898d82bd3911c28fbfb9c848b24652ca1ea,amd-alpine-24,259531100
2026-03-09T18:29:39Z,1109a898d82bd3911c28fbfb9c848b24652ca1ea,arm-alpine-24,251316689
2026-03-09T18:31:22Z,f0b5c1d106e8956d69e7bdd26ad953f3eb10a013,amd-24.04-22.x,365869294
2026-03-09T18:31:22Z,f0b5c1d106e8956d69e7bdd26ad953f3eb10a013,arm-24.04-22.x,361962922
2026-03-09T18:31:22Z,f0b5c1d106e8956d69e7bdd26ad953f3eb10a013,amd-24.04-24.x,365639988
2026-03-09T18:31:22Z,f0b5c1d106e8956d69e7bdd26ad953f3eb10a013,arm-24.04-24.x,361636178
2026-03-09T18:31:22Z,f0b5c1d106e8956d69e7bdd26ad953f3eb10a013,amd-alpine-22,260669102
2026-03-09T18:31:22Z,f0b5c1d106e8956d69e7bdd26ad953f3eb10a013,arm-alpine-22,252200906
2026-03-09T18:31:22Z,f0b5c1d106e8956d69e7bdd26ad953f3eb10a013,amd-alpine-24,259532067
2026-03-09T18:31:22Z,f0b5c1d106e8956d69e7bdd26ad953f3eb10a013,arm-alpine-24,251315885
2026-03-11T06:01:36Z,916731d996f5cba1e39e8d881517357f594cbaca,amd-24.04-22.x,365863045
2026-03-11T06:01:36Z,916731d996f5cba1e39e8d881517357f594cbaca,arm-24.04-22.x,361958898
2026-03-11T06:01:36Z,916731d996f5cba1e39e8d881517357f594cbaca,amd-24.04-24.x,365630598
2026-03-11T06:01:36Z,916731d996f5cba1e39e8d881517357f594cbaca,arm-24.04-24.x,361636643
2026-03-11T06:01:36Z,916731d996f5cba1e39e8d881517357f594cbaca,amd-alpine-22,260666594
2026-03-11T06:01:36Z,916731d996f5cba1e39e8d881517357f594cbaca,arm-alpine-22,252196792
2026-03-11T06:01:36Z,916731d996f5cba1e39e8d881517357f594cbaca,amd-alpine-24,259529049
2026-03-11T06:01:36Z,916731d996f5cba1e39e8d881517357f594cbaca,arm-alpine-24,251312815
2026-03-11T06:29:01Z,dbb0218904d89646cd21097a21e32b970cc8c02a,amd-24.04-22.x,365863565
2026-03-11T06:29:01Z,dbb0218904d89646cd21097a21e32b970cc8c02a,arm-24.04-22.x,361961200
2026-03-11T06:29:01Z,dbb0218904d89646cd21097a21e32b970cc8c02a,amd-24.04-24.x,365630927
2026-03-11T06:29:01Z,dbb0218904d89646cd21097a21e32b970cc8c02a,arm-24.04-24.x,361636957
2026-03-11T06:29:01Z,dbb0218904d89646cd21097a21e32b970cc8c02a,amd-alpine-22,260669071
2026-03-11T06:29:01Z,dbb0218904d89646cd21097a21e32b970cc8c02a,arm-alpine-22,252197460
2026-03-11T06:29:01Z,dbb0218904d89646cd21097a21e32b970cc8c02a,amd-alpine-24,259527322
2026-03-11T06:29:01Z,dbb0218904d89646cd21097a21e32b970cc8c02a,arm-alpine-24,251314503
2026-03-11T08:38:26Z,4b65b96279c0d52b33e4f0fa938defa08d05628a,amd-24.04-22.x,365863815
2026-03-11T08:38:26Z,4b65b96279c0d52b33e4f0fa938defa08d05628a,arm-24.04-22.x,361959643
2026-03-11T08:38:26Z,4b65b96279c0d52b33e4f0fa938defa08d05628a,amd-24.04-24.x,365635940
2026-03-11T08:38:26Z,4b65b96279c0d52b33e4f0fa938defa08d05628a,arm-24.04-24.x,361634407
2026-03-11T08:38:26Z,4b65b96279c0d52b33e4f0fa938defa08d05628a,amd-alpine-22,260670167
2026-03-11T08:38:26Z,4b65b96279c0d52b33e4f0fa938defa08d05628a,arm-alpine-22,252198607
2026-03-11T08:38:26Z,4b65b96279c0d52b33e4f0fa938defa08d05628a,amd-alpine-24,259530179
2026-03-11T08:38:26Z,4b65b96279c0d52b33e4f0fa938defa08d05628a,arm-alpine-24,251313375
2026-03-11T18:37:58Z,1f43a8b326efffabd0b6961cc55f1d28d6a21a14,amd-24.04-22.x,365865430
2026-03-11T18:37:58Z,1f43a8b326efffabd0b6961cc55f1d28d6a21a14,arm-24.04-22.x,361961805
2026-03-11T18:37:58Z,1f43a8b326efffabd0b6961cc55f1d28d6a21a14,amd-24.04-24.x,365633014
2026-03-11T18:37:58Z,1f43a8b326efffabd0b6961cc55f1d28d6a21a14,arm-24.04-24.x,361633830
2026-03-11T18:37:58Z,1f43a8b326efffabd0b6961cc55f1d28d6a21a14,amd-alpine-22,260670888
2026-03-11T18:37:58Z,1f43a8b326efffabd0b6961cc55f1d28d6a21a14,arm-alpine-22,252198770
2026-03-11T18:37:58Z,1f43a8b326efffabd0b6961cc55f1d28d6a21a14,amd-alpine-24,259530459
2026-03-11T18:37:58Z,1f43a8b326efffabd0b6961cc55f1d28d6a21a14,arm-alpine-24,251314254
2026-03-12T17:09:46Z,6fda6d5524d685fae1bd12fbd5ee9396bbee5d4e,amd-24.04-22.x,365864590
2026-03-12T17:09:46Z,6fda6d5524d685fae1bd12fbd5ee9396bbee5d4e,arm-24.04-22.x,361965885
2026-03-12T17:09:46Z,6fda6d5524d685fae1bd12fbd5ee9396bbee5d4e,amd-24.04-24.x,365637963
2026-03-12T17:09:46Z,6fda6d5524d685fae1bd12fbd5ee9396bbee5d4e,arm-24.04-24.x,361638520
2026-03-12T17:09:46Z,6fda6d5524d685fae1bd12fbd5ee9396bbee5d4e,amd-alpine-22,260670488
2026-03-12T17:09:46Z,6fda6d5524d685fae1bd12fbd5ee9396bbee5d4e,arm-alpine-22,252199887
2026-03-12T17:09:46Z,6fda6d5524d685fae1bd12fbd5ee9396bbee5d4e,amd-alpine-24,259532266
2026-03-12T17:09:46Z,6fda6d5524d685fae1bd12fbd5ee9396bbee5d4e,arm-alpine-24,251313203
2026-03-12T17:10:57Z,5bcd9911b2d9d4acd587cb2011f0364a6fa4654f,amd-24.04-22.x,365865811
2026-03-12T17:10:57Z,5bcd9911b2d9d4acd587cb2011f0364a6fa4654f,arm-24.04-22.x,361960855
2026-03-12T17:10:57Z,5bcd9911b2d9d4acd587cb2011f0364a6fa4654f,amd-24.04-24.x,365638057
2026-03-12T17:10:57Z,5bcd9911b2d9d4acd587cb2011f0364a6fa4654f,arm-24.04-24.x,361638086
2026-03-12T17:10:57Z,5bcd9911b2d9d4acd587cb2011f0364a6fa4654f,amd-alpine-22,260671047
2026-03-12T17:10:57Z,5bcd9911b2d9d4acd587cb2011f0364a6fa4654f,arm-alpine-22,252200567
2026-03-12T17:10:57Z,5bcd9911b2d9d4acd587cb2011f0364a6fa4654f,amd-alpine-24,259529570
2026-03-12T17:10:57Z,5bcd9911b2d9d4acd587cb2011f0364a6fa4654f,arm-alpine-24,251315856
2026-03-12T17:16:34Z,62063c147828a23e136adcb8107ba1d6c512770e,amd-24.04-22.x,365867866
2026-03-12T17:16:34Z,62063c147828a23e136adcb8107ba1d6c512770e,arm-24.04-22.x,361963126
2026-03-12T17:16:34Z,62063c147828a23e136adcb8107ba1d6c512770e,amd-24.04-24.x,365637389
2026-03-12T17:16:34Z,62063c147828a23e136adcb8107ba1d6c512770e,arm-24.04-24.x,361637367
2026-03-12T17:16:34Z,62063c147828a23e136adcb8107ba1d6c512770e,amd-alpine-22,260669583
2026-03-12T17:16:34Z,62063c147828a23e136adcb8107ba1d6c512770e,arm-alpine-22,252199939
2026-03-12T17:16:34Z,62063c147828a23e136adcb8107ba1d6c512770e,amd-alpine-24,259531441
2026-03-12T17:16:34Z,62063c147828a23e136adcb8107ba1d6c512770e,arm-alpine-24,251313166
2026-03-12T17:31:56Z,85eb3c851ceaf6ff530fcabb01e29a7cf132d767,amd-24.04-22.x,365867538
2026-03-12T17:31:56Z,85eb3c851ceaf6ff530fcabb01e29a7cf132d767,arm-24.04-22.x,361963385
2026-03-12T17:31:56Z,85eb3c851ceaf6ff530fcabb01e29a7cf132d767,amd-24.04-24.x,365634287
2026-03-12T17:31:56Z,85eb3c851ceaf6ff530fcabb01e29a7cf132d767,arm-24.04-24.x,361635496
2026-03-12T17:31:56Z,85eb3c851ceaf6ff530fcabb01e29a7cf132d767,amd-alpine-22,260670693
2026-03-12T17:31:56Z,85eb3c851ceaf6ff530fcabb01e29a7cf132d767,arm-alpine-22,252200434
2026-03-12T17:31:56Z,85eb3c851ceaf6ff530fcabb01e29a7cf132d767,amd-alpine-24,259530310
2026-03-12T17:31:56Z,85eb3c851ceaf6ff530fcabb01e29a7cf132d767,arm-alpine-24,251315671
2026-03-12T18:06:49Z,8390c9de15139cb1daccca8f737679271f782537,amd-24.04-22.x,365866985
2026-03-12T18:06:49Z,8390c9de15139cb1daccca8f737679271f782537,arm-24.04-22.x,361960195
2026-03-12T18:06:49Z,8390c9de15139cb1daccca8f737679271f782537,amd-24.04-24.x,365635085
2026-03-12T18:06:49Z,8390c9de15139cb1daccca8f737679271f782537,arm-24.04-24.x,361639096
2026-03-12T18:06:49Z,8390c9de15139cb1daccca8f737679271f782537,amd-alpine-22,260671301
2026-03-12T18:06:49Z,8390c9de15139cb1daccca8f737679271f782537,arm-alpine-22,252198869
2026-03-12T18:06:49Z,8390c9de15139cb1daccca8f737679271f782537,amd-alpine-24,259527761
2026-03-12T18:06:49Z,8390c9de15139cb1daccca8f737679271f782537,arm-alpine-24,251315741
2026-03-12T18:12:30Z,e880225c1b3d25d135ba498920e034c9032f8e78,amd-24.04-22.x,368203045
2026-03-12T18:12:30Z,e880225c1b3d25d135ba498920e034c9032f8e78,arm-24.04-22.x,364304329
2026-03-12T18:12:30Z,e880225c1b3d25d135ba498920e034c9032f8e78,amd-24.04-24.x,367975252
2026-03-12T18:12:30Z,e880225c1b3d25d135ba498920e034c9032f8e78,arm-24.04-24.x,363981987
2026-03-12T18:12:30Z,e880225c1b3d25d135ba498920e034c9032f8e78,amd-alpine-22,263083731
2026-03-12T18:12:30Z,e880225c1b3d25d135ba498920e034c9032f8e78,arm-alpine-22,254612113
2026-03-12T18:12:30Z,e880225c1b3d25d135ba498920e034c9032f8e78,amd-alpine-24,261945172
2026-03-12T18:12:30Z,e880225c1b3d25d135ba498920e034c9032f8e78,arm-alpine-24,253728501
2026-03-13T14:55:34Z,877cefa26a9d91f44feefaf486b2a812dc6ef3da,amd-24.04-22.x,368224596
2026-03-13T14:55:34Z,877cefa26a9d91f44feefaf486b2a812dc6ef3da,arm-24.04-22.x,364323183
2026-03-13T14:55:34Z,877cefa26a9d91f44feefaf486b2a812dc6ef3da,amd-24.04-24.x,367994270
2026-03-13T14:55:34Z,877cefa26a9d91f44feefaf486b2a812dc6ef3da,arm-24.04-24.x,363997045
2026-03-13T14:55:34Z,877cefa26a9d91f44feefaf486b2a812dc6ef3da,amd-alpine-22,263106414
2026-03-13T14:55:34Z,877cefa26a9d91f44feefaf486b2a812dc6ef3da,arm-alpine-22,254632156
2026-03-13T14:55:34Z,877cefa26a9d91f44feefaf486b2a812dc6ef3da,amd-alpine-24,261964839
2026-03-13T14:55:34Z,877cefa26a9d91f44feefaf486b2a812dc6ef3da,arm-alpine-24,253749024
2026-03-13T14:55:55Z,f79a6373ce7482a78f8d29c8686f43ac7f085395,amd-24.04-22.x,368134683
2026-03-13T14:55:55Z,f79a6373ce7482a78f8d29c8686f43ac7f085395,arm-24.04-22.x,364227795
2026-03-13T14:55:55Z,f79a6373ce7482a78f8d29c8686f43ac7f085395,amd-24.04-24.x,367904990
2026-03-13T14:55:55Z,f79a6373ce7482a78f8d29c8686f43ac7f085395,arm-24.04-24.x,363902826
2026-03-13T14:55:55Z,f79a6373ce7482a78f8d29c8686f43ac7f085395,amd-alpine-22,263019252
2026-03-13T14:55:55Z,f79a6373ce7482a78f8d29c8686f43ac7f085395,arm-alpine-22,254549570
2026-03-13T14:55:55Z,f79a6373ce7482a78f8d29c8686f43ac7f085395,amd-alpine-24,261878938
2026-03-13T14:55:55Z,f79a6373ce7482a78f8d29c8686f43ac7f085395,arm-alpine-24,253663389
2026-03-13T14:56:12Z,efd99986de86955a2c9910bfc10c5b46414664ba,amd-24.04-22.x,368150829
2026-03-13T14:56:12Z,efd99986de86955a2c9910bfc10c5b46414664ba,arm-24.04-22.x,364240685
2026-03-13T14:56:12Z,efd99986de86955a2c9910bfc10c5b46414664ba,amd-24.04-24.x,367912058
2026-03-13T14:56:12Z,efd99986de86955a2c9910bfc10c5b46414664ba,arm-24.04-24.x,363914995
2026-03-13T14:56:12Z,efd99986de86955a2c9910bfc10c5b46414664ba,amd-alpine-22,263016426
2026-03-13T14:56:12Z,efd99986de86955a2c9910bfc10c5b46414664ba,arm-alpine-22,254544473
2026-03-13T14:56:12Z,efd99986de86955a2c9910bfc10c5b46414664ba,amd-alpine-24,261876737
2026-03-13T14:56:12Z,efd99986de86955a2c9910bfc10c5b46414664ba,arm-alpine-24,253661404
2026-03-14T06:21:19Z,074186e422f72f4a252f54c1407f771cbf9d0975,amd-24.04-22.x,368060555
2026-03-14T06:21:19Z,074186e422f72f4a252f54c1407f771cbf9d0975,arm-24.04-22.x,364157582
2026-03-14T06:21:19Z,074186e422f72f4a252f54c1407f771cbf9d0975,amd-24.04-24.x,367829886
2026-03-14T06:21:19Z,074186e422f72f4a252f54c1407f771cbf9d0975,arm-24.04-24.x,363833362
2026-03-14T06:21:19Z,074186e422f72f4a252f54c1407f771cbf9d0975,amd-alpine-22,262936103
2026-03-14T06:21:19Z,074186e422f72f4a252f54c1407f771cbf9d0975,arm-alpine-22,254467329
2026-03-14T06:21:19Z,074186e422f72f4a252f54c1407f771cbf9d0975,amd-alpine-24,261793966
2026-03-14T06:21:19Z,074186e422f72f4a252f54c1407f771cbf9d0975,arm-alpine-24,253578651
2026-03-15T19:25:34Z,65d8867d5bd658e39daf27328e7ded2e2b572eb5,amd-24.04-22.x,365219141
2026-03-15T19:25:34Z,65d8867d5bd658e39daf27328e7ded2e2b572eb5,arm-24.04-22.x,361313984
2026-03-15T19:25:34Z,65d8867d5bd658e39daf27328e7ded2e2b572eb5,amd-24.04-24.x,364988332
2026-03-15T19:25:34Z,65d8867d5bd658e39daf27328e7ded2e2b572eb5,arm-24.04-24.x,360985713
2026-03-15T19:25:34Z,65d8867d5bd658e39daf27328e7ded2e2b572eb5,amd-alpine-22,260078850
2026-03-15T19:25:34Z,65d8867d5bd658e39daf27328e7ded2e2b572eb5,arm-alpine-22,251609600
2026-03-15T19:25:34Z,65d8867d5bd658e39daf27328e7ded2e2b572eb5,amd-alpine-24,258942774
2026-03-15T19:25:34Z,65d8867d5bd658e39daf27328e7ded2e2b572eb5,arm-alpine-24,250726592
2026-03-16T17:50:03Z,dc20282092080af74da68c4222725f85c0f6978b,amd-24.04-22.x,366472165
2026-03-16T17:50:03Z,dc20282092080af74da68c4222725f85c0f6978b,arm-24.04-22.x,362856212
2026-03-16T17:50:03Z,dc20282092080af74da68c4222725f85c0f6978b,amd-24.04-24.x,366253727
2026-03-16T17:50:03Z,dc20282092080af74da68c4222725f85c0f6978b,arm-24.04-24.x,362531509
2026-03-16T17:50:03Z,dc20282092080af74da68c4222725f85c0f6978b,amd-alpine-22,260080402
2026-03-16T17:50:03Z,dc20282092080af74da68c4222725f85c0f6978b,arm-alpine-22,251610006
2026-03-16T17:50:03Z,dc20282092080af74da68c4222725f85c0f6978b,amd-alpine-24,258941807
2026-03-16T17:50:03Z,dc20282092080af74da68c4222725f85c0f6978b,arm-alpine-24,250725248
2026-03-16T17:59:08Z,2589b015add3488d484e01cb6e12f186cedb7a62,amd-24.04-22.x,366472622
2026-03-16T17:59:08Z,2589b015add3488d484e01cb6e12f186cedb7a62,arm-24.04-22.x,362856877
2026-03-16T17:59:08Z,2589b015add3488d484e01cb6e12f186cedb7a62,amd-24.04-24.x,366250659
2026-03-16T17:59:08Z,2589b015add3488d484e01cb6e12f186cedb7a62,arm-24.04-24.x,362534860
2026-03-16T17:59:08Z,2589b015add3488d484e01cb6e12f186cedb7a62,amd-alpine-22,260079462
2026-03-16T17:59:08Z,2589b015add3488d484e01cb6e12f186cedb7a62,arm-alpine-22,251609251
2026-03-16T17:59:08Z,2589b015add3488d484e01cb6e12f186cedb7a62,amd-alpine-24,258940678
2026-03-16T17:59:08Z,2589b015add3488d484e01cb6e12f186cedb7a62,arm-alpine-24,250725396
2026-03-16T18:08:14Z,381df0871516d5941be869dbdb066e06648dc149,amd-24.04-22.x,366472229
2026-03-16T18:08:14Z,381df0871516d5941be869dbdb066e06648dc149,arm-24.04-22.x,362861699
2026-03-16T18:08:14Z,381df0871516d5941be869dbdb066e06648dc149,amd-24.04-24.x,366253645
2026-03-16T18:08:14Z,381df0871516d5941be869dbdb066e06648dc149,arm-24.04-24.x,362537810
2026-03-16T18:08:14Z,381df0871516d5941be869dbdb066e06648dc149,amd-alpine-22,260080008
2026-03-16T18:08:14Z,381df0871516d5941be869dbdb066e06648dc149,arm-alpine-22,251608530
2026-03-16T18:08:14Z,381df0871516d5941be869dbdb066e06648dc149,amd-alpine-24,258942556
2026-03-16T18:08:14Z,381df0871516d5941be869dbdb066e06648dc149,arm-alpine-24,250725770
2026-03-17T04:39:47Z,c779cd0639a200be0eac0608fc91eb4eca39acc6,amd-24.04-22.x,366472011
2026-03-17T04:39:47Z,c779cd0639a200be0eac0608fc91eb4eca39acc6,arm-24.04-22.x,362861083
2026-03-17T04:39:47Z,c779cd0639a200be0eac0608fc91eb4eca39acc6,amd-24.04-24.x,366254035
2026-03-17T04:39:47Z,c779cd0639a200be0eac0608fc91eb4eca39acc6,arm-24.04-24.x,362537238
2026-03-17T04:39:47Z,c779cd0639a200be0eac0608fc91eb4eca39acc6,amd-alpine-22,260081386
2026-03-17T04:39:47Z,c779cd0639a200be0eac0608fc91eb4eca39acc6,arm-alpine-22,251610200
2026-03-17T04:39:47Z,c779cd0639a200be0eac0608fc91eb4eca39acc6,amd-alpine-24,258941581
2026-03-17T04:39:47Z,c779cd0639a200be0eac0608fc91eb4eca39acc6,arm-alpine-24,250725922
2026-03-17T19:07:18Z,739f6842fbd0cb22cc6dc84978c3737ec173cb81,amd-24.04-22.x,366473057
2026-03-17T19:07:18Z,739f6842fbd0cb22cc6dc84978c3737ec173cb81,arm-24.04-22.x,362860725
2026-03-17T19:07:18Z,739f6842fbd0cb22cc6dc84978c3737ec173cb81,amd-24.04-24.x,366254598
2026-03-17T19:07:18Z,739f6842fbd0cb22cc6dc84978c3737ec173cb81,arm-24.04-24.x,362537167
2026-03-17T19:07:18Z,739f6842fbd0cb22cc6dc84978c3737ec173cb81,amd-alpine-22,260086510
2026-03-17T19:07:18Z,739f6842fbd0cb22cc6dc84978c3737ec173cb81,arm-alpine-22,251613105
2026-03-17T19:07:18Z,739f6842fbd0cb22cc6dc84978c3737ec173cb81,amd-alpine-24,258945664
2026-03-17T19:07:18Z,739f6842fbd0cb22cc6dc84978c3737ec173cb81,arm-alpine-24,250727369
2026-03-17T19:10:19Z,5251e69cd65498da84f892382cd9433d4a822da5,amd-24.04-22.x,366473969
2026-03-17T19:10:19Z,5251e69cd65498da84f892382cd9433d4a822da5,arm-24.04-22.x,362862743
2026-03-17T19:10:19Z,5251e69cd65498da84f892382cd9433d4a822da5,amd-24.04-24.x,366254020
2026-03-17T19:10:19Z,5251e69cd65498da84f892382cd9433d4a822da5,arm-24.04-24.x,362536811
2026-03-17T19:10:19Z,5251e69cd65498da84f892382cd9433d4a822da5,amd-alpine-22,260086019
2026-03-17T19:10:19Z,5251e69cd65498da84f892382cd9433d4a822da5,arm-alpine-22,251610576
2026-03-17T19:10:19Z,5251e69cd65498da84f892382cd9433d4a822da5,amd-alpine-24,258947292
2026-03-17T19:10:19Z,5251e69cd65498da84f892382cd9433d4a822da5,arm-alpine-24,250726800
2026-03-18T05:03:33Z,ce0177e5de0de9998a2ffdaa2671a7225881988b,amd-24.04-22.x,366473174
2026-03-18T05:03:33Z,ce0177e5de0de9998a2ffdaa2671a7225881988b,arm-24.04-22.x,362860056
2026-03-18T05:03:33Z,ce0177e5de0de9998a2ffdaa2671a7225881988b,amd-24.04-24.x,366255074
2026-03-18T05:03:33Z,ce0177e5de0de9998a2ffdaa2671a7225881988b,arm-24.04-24.x,362536562
2026-03-18T05:03:33Z,ce0177e5de0de9998a2ffdaa2671a7225881988b,amd-alpine-22,260085691
2026-03-18T05:03:33Z,ce0177e5de0de9998a2ffdaa2671a7225881988b,arm-alpine-22,251610053
2026-03-18T05:03:33Z,ce0177e5de0de9998a2ffdaa2671a7225881988b,amd-alpine-24,258944205
2026-03-18T05:03:33Z,ce0177e5de0de9998a2ffdaa2671a7225881988b,arm-alpine-24,250727682
2026-03-18T05:10:40Z,609f2c65b9354c50d1adf9c98c0be1541164a3c1,amd-24.04-22.x,366473418
2026-03-18T05:10:40Z,609f2c65b9354c50d1adf9c98c0be1541164a3c1,arm-24.04-22.x,362861414
2026-03-18T05:10:40Z,609f2c65b9354c50d1adf9c98c0be1541164a3c1,amd-24.04-24.x,366254777
2026-03-18T05:10:40Z,609f2c65b9354c50d1adf9c98c0be1541164a3c1,arm-24.04-24.x,362536094
2026-03-18T05:10:40Z,609f2c65b9354c50d1adf9c98c0be1541164a3c1,amd-alpine-22,260083871
2026-03-18T05:10:40Z,609f2c65b9354c50d1adf9c98c0be1541164a3c1,arm-alpine-22,251610685
2026-03-18T05:10:40Z,609f2c65b9354c50d1adf9c98c0be1541164a3c1,amd-alpine-24,258942430
2026-03-18T05:10:40Z,609f2c65b9354c50d1adf9c98c0be1541164a3c1,arm-alpine-24,250730052
2026-03-18T05:27:00Z,7aae68a43b65882ec703f89123d2f60439c2d6eb,amd-24.04-22.x,366473894
2026-03-18T05:27:00Z,7aae68a43b65882ec703f89123d2f60439c2d6eb,arm-24.04-22.x,362861787
2026-03-18T05:27:00Z,7aae68a43b65882ec703f89123d2f60439c2d6eb,amd-24.04-24.x,366255257
2026-03-18T05:27:00Z,7aae68a43b65882ec703f89123d2f60439c2d6eb,arm-24.04-24.x,362537908
2026-03-18T05:27:00Z,7aae68a43b65882ec703f89123d2f60439c2d6eb,amd-alpine-22,260085838
2026-03-18T05:27:00Z,7aae68a43b65882ec703f89123d2f60439c2d6eb,arm-alpine-22,251610352
2026-03-18T05:27:00Z,7aae68a43b65882ec703f89123d2f60439c2d6eb,amd-alpine-24,258946817
2026-03-18T05:27:00Z,7aae68a43b65882ec703f89123d2f60439c2d6eb,arm-alpine-24,250730254
2026-03-19T17:55:59Z,eb7ad66c1438ab7e9085644d69aaeaee0c981186,amd-24.04-22.x,366344581
2026-03-19T17:55:59Z,eb7ad66c1438ab7e9085644d69aaeaee0c981186,arm-24.04-22.x,362733508
2026-03-19T17:55:59Z,eb7ad66c1438ab7e9085644d69aaeaee0c981186,amd-24.04-24.x,366127604
2026-03-19T17:55:59Z,eb7ad66c1438ab7e9085644d69aaeaee0c981186,arm-24.04-24.x,362412179
2026-03-19T17:55:59Z,eb7ad66c1438ab7e9085644d69aaeaee0c981186,amd-alpine-22,259971012
2026-03-19T17:55:59Z,eb7ad66c1438ab7e9085644d69aaeaee0c981186,arm-alpine-22,251500655
2026-03-19T17:55:59Z,eb7ad66c1438ab7e9085644d69aaeaee0c981186,amd-alpine-24,258834949
2026-03-19T17:55:59Z,eb7ad66c1438ab7e9085644d69aaeaee0c981186,arm-alpine-24,250618710
2026-03-19T18:17:43Z,8ff0aea12648464e5301b47ba8f8522907c476b6,amd-24.04-22.x,366349675
2026-03-19T18:17:43Z,8ff0aea12648464e5301b47ba8f8522907c476b6,arm-24.04-22.x,362736859
2026-03-19T18:17:43Z,8ff0aea12648464e5301b47ba8f8522907c476b6,amd-24.04-24.x,366128351
2026-03-19T18:17:43Z,8ff0aea12648464e5301b47ba8f8522907c476b6,arm-24.04-24.x,362413232
2026-03-19T18:17:43Z,8ff0aea12648464e5301b47ba8f8522907c476b6,amd-alpine-22,259970917
2026-03-19T18:17:43Z,8ff0aea12648464e5301b47ba8f8522907c476b6,arm-alpine-22,251501949
2026-03-19T18:17:43Z,8ff0aea12648464e5301b47ba8f8522907c476b6,amd-alpine-24,258833811
2026-03-19T18:17:43Z,8ff0aea12648464e5301b47ba8f8522907c476b6,arm-alpine-24,250618377
2026-03-19T18:29:54Z,3af9e8031f1c38743e52245877e6a93baf645ba2,amd-24.04-22.x,366348181
2026-03-19T18:29:54Z,3af9e8031f1c38743e52245877e6a93baf645ba2,arm-24.04-22.x,362737163
2026-03-19T18:29:54Z,3af9e8031f1c38743e52245877e6a93baf645ba2,amd-24.04-24.x,366130972
2026-03-19T18:29:54Z,3af9e8031f1c38743e52245877e6a93baf645ba2,arm-24.04-24.x,362411796
2026-03-19T18:29:54Z,3af9e8031f1c38743e52245877e6a93baf645ba2,amd-alpine-22,259971198
2026-03-19T18:29:54Z,3af9e8031f1c38743e52245877e6a93baf645ba2,arm-alpine-22,251500961
2026-03-19T18:29:54Z,3af9e8031f1c38743e52245877e6a93baf645ba2,amd-alpine-24,258833596
2026-03-19T18:29:54Z,3af9e8031f1c38743e52245877e6a93baf645ba2,arm-alpine-24,250618000
2026-03-19T19:03:58Z,63f2ab46a50931cb3b41b5de472709585def9e66,amd-24.04-22.x,366350108
2026-03-19T19:03:58Z,63f2ab46a50931cb3b41b5de472709585def9e66,arm-24.04-22.x,362739385
2026-03-19T19:03:58Z,63f2ab46a50931cb3b41b5de472709585def9e66,amd-24.04-24.x,366130455
2026-03-19T19:03:58Z,63f2ab46a50931cb3b41b5de472709585def9e66,arm-24.04-24.x,362412688
2026-03-19T19:03:58Z,63f2ab46a50931cb3b41b5de472709585def9e66,amd-alpine-22,259971555
2026-03-19T19:03:58Z,63f2ab46a50931cb3b41b5de472709585def9e66,arm-alpine-22,251501315
2026-03-19T19:03:58Z,63f2ab46a50931cb3b41b5de472709585def9e66,amd-alpine-24,258833133
2026-03-19T19:03:58Z,63f2ab46a50931cb3b41b5de472709585def9e66,arm-alpine-24,250618066
2026-03-19T19:06:15Z,127bee5d82f9f84ae7c7b4bce115c67a354b0ace,amd-24.04-22.x,366350758
2026-03-19T19:06:15Z,127bee5d82f9f84ae7c7b4bce115c67a354b0ace,arm-24.04-22.x,362739259
2026-03-19T19:06:15Z,127bee5d82f9f84ae7c7b4bce115c67a354b0ace,amd-24.04-24.x,366131391
2026-03-19T19:06:15Z,127bee5d82f9f84ae7c7b4bce115c67a354b0ace,arm-24.04-24.x,362413950
2026-03-19T19:06:15Z,127bee5d82f9f84ae7c7b4bce115c67a354b0ace,amd-alpine-22,259972236
2026-03-19T19:06:15Z,127bee5d82f9f84ae7c7b4bce115c67a354b0ace,arm-alpine-22,251500214
2026-03-19T19:06:15Z,127bee5d82f9f84ae7c7b4bce115c67a354b0ace,amd-alpine-24,258834287
2026-03-19T19:06:15Z,127bee5d82f9f84ae7c7b4bce115c67a354b0ace,arm-alpine-24,250617460
2026-03-19T19:08:08Z,bedef536999f9881441ac65b62a3c970311bdc38,amd-24.04-22.x,366522672
2026-03-19T19:08:08Z,bedef536999f9881441ac65b62a3c970311bdc38,arm-24.04-22.x,362910518
2026-03-19T19:08:08Z,bedef536999f9881441ac65b62a3c970311bdc38,amd-24.04-24.x,366301514
2026-03-19T19:08:08Z,bedef536999f9881441ac65b62a3c970311bdc38,arm-24.04-24.x,362582730
2026-03-19T19:08:08Z,bedef536999f9881441ac65b62a3c970311bdc38,amd-alpine-22,260151924
2026-03-19T19:08:08Z,bedef536999f9881441ac65b62a3c970311bdc38,arm-alpine-22,251680969
2026-03-19T19:08:08Z,bedef536999f9881441ac65b62a3c970311bdc38,amd-alpine-24,259012958
2026-03-19T19:08:08Z,bedef536999f9881441ac65b62a3c970311bdc38,arm-alpine-24,250797315
2026-03-19T20:10:28Z,707147efa0c2b17d83c1ea47d5b177763a0ca644,amd-24.04-24.x,360947482
2026-03-19T20:10:28Z,707147efa0c2b17d83c1ea47d5b177763a0ca644,arm-24.04-24.x,357261629
2026-03-19T20:10:28Z,707147efa0c2b17d83c1ea47d5b177763a0ca644,amd-alpine-24,254106871
2026-03-19T20:10:28Z,707147efa0c2b17d83c1ea47d5b177763a0ca644,arm-alpine-24,245887624
2026-03-19T20:59:45Z,bf15f1f665d80d884e88dbbee1566f80dae47d0f,amd-24.04-24.x,360946543
2026-03-19T20:59:45Z,bf15f1f665d80d884e88dbbee1566f80dae47d0f,arm-24.04-24.x,357261643
2026-03-19T20:59:45Z,bf15f1f665d80d884e88dbbee1566f80dae47d0f,amd-alpine-24,254103849
2026-03-19T20:59:45Z,bf15f1f665d80d884e88dbbee1566f80dae47d0f,arm-alpine-24,245889539
2026-03-20T04:44:02Z,3f0589ee0d59992d948c3c6b5467e6a539b1ba27,amd-24.04-24.x,360944976
2026-03-20T04:44:02Z,3f0589ee0d59992d948c3c6b5467e6a539b1ba27,arm-24.04-24.x,357260306
2026-03-20T04:44:02Z,3f0589ee0d59992d948c3c6b5467e6a539b1ba27,amd-alpine-24,254107866
2026-03-20T04:44:02Z,3f0589ee0d59992d948c3c6b5467e6a539b1ba27,arm-alpine-24,245890045
2026-03-20T04:46:29Z,94e59ad43ad308275e75b26a99594a673849c918,amd-24.04-24.x,360944787
2026-03-20T04:46:29Z,94e59ad43ad308275e75b26a99594a673849c918,arm-24.04-24.x,357260817
2026-03-20T04:46:29Z,94e59ad43ad308275e75b26a99594a673849c918,amd-alpine-24,254107213
2026-03-20T04:46:29Z,94e59ad43ad308275e75b26a99594a673849c918,arm-alpine-24,245889207
2026-03-22T07:46:20Z,0c339153320f1d3bd9090477ea21b188483b5fc8,amd-24.04-24.x,360985074
2026-03-22T07:46:20Z,0c339153320f1d3bd9090477ea21b188483b5fc8,arm-24.04-24.x,357300137
2026-03-22T07:46:20Z,0c339153320f1d3bd9090477ea21b188483b5fc8,amd-alpine-24,254136648
2026-03-22T07:46:20Z,0c339153320f1d3bd9090477ea21b188483b5fc8,arm-alpine-24,245920440
2026-03-22T07:48:38Z,32a5e9624564aa6b1ad5546f48ce068b60fede4b,amd-24.04-24.x,360987780
2026-03-22T07:48:38Z,32a5e9624564aa6b1ad5546f48ce068b60fede4b,arm-24.04-24.x,357300529
2026-03-22T07:48:38Z,32a5e9624564aa6b1ad5546f48ce068b60fede4b,amd-alpine-24,254138293
2026-03-22T07:48:38Z,32a5e9624564aa6b1ad5546f48ce068b60fede4b,arm-alpine-24,245921669
2026-03-22T08:03:14Z,61e479481519c5f981b0f3bc2b72de3ae61fdb96,amd-24.04-24.x,361303769
2026-03-22T08:03:14Z,61e479481519c5f981b0f3bc2b72de3ae61fdb96,arm-24.04-24.x,357617791
2026-03-22T08:03:14Z,61e479481519c5f981b0f3bc2b72de3ae61fdb96,amd-alpine-24,254468854
2026-03-22T08:03:14Z,61e479481519c5f981b0f3bc2b72de3ae61fdb96,arm-alpine-24,246252091
2026-03-22T08:04:51Z,b96a30516de8bb02ce985bb08ad8e6c3b09e3ed6,amd-24.04-24.x,361304653
2026-03-22T08:04:51Z,b96a30516de8bb02ce985bb08ad8e6c3b09e3ed6,arm-24.04-24.x,357618627
2026-03-22T08:04:51Z,b96a30516de8bb02ce985bb08ad8e6c3b09e3ed6,amd-alpine-24,254468291
2026-03-22T08:04:51Z,b96a30516de8bb02ce985bb08ad8e6c3b09e3ed6,arm-alpine-24,246252642
2026-03-22T08:08:45Z,379b95edb399165eae328de12d60c65503670520,amd-24.04-24.x,361307913
2026-03-22T08:08:45Z,379b95edb399165eae328de12d60c65503670520,arm-24.04-24.x,357617413
2026-03-22T08:08:45Z,379b95edb399165eae328de12d60c65503670520,amd-alpine-24,254470209
2026-03-22T08:08:45Z,379b95edb399165eae328de12d60c65503670520,arm-alpine-24,246254683
2026-03-22T08:21:14Z,a584d955d93f7078ce64fe7cddb304703c3733e8,amd-24.04-24.x,361307405
2026-03-22T08:21:14Z,a584d955d93f7078ce64fe7cddb304703c3733e8,arm-24.04-24.x,357617073
2026-03-22T08:21:14Z,a584d955d93f7078ce64fe7cddb304703c3733e8,amd-alpine-24,254470668
2026-03-22T08:21:14Z,a584d955d93f7078ce64fe7cddb304703c3733e8,arm-alpine-24,246253975
2026-03-22T08:30:36Z,4ca4e241ab3377c41ecd657db7f811fe05680888,amd-24.04-24.x,361306798
2026-03-22T08:30:36Z,4ca4e241ab3377c41ecd657db7f811fe05680888,arm-24.04-24.x,357617344
2026-03-22T08:30:36Z,4ca4e241ab3377c41ecd657db7f811fe05680888,amd-alpine-24,254468911
2026-03-22T08:30:36Z,4ca4e241ab3377c41ecd657db7f811fe05680888,arm-alpine-24,246254433
2026-03-22T08:32:35Z,f78b5dbfaa620eba3b5f4c37518a6b8d5946e758,amd-24.04-24.x,361310608
2026-03-22T08:32:35Z,f78b5dbfaa620eba3b5f4c37518a6b8d5946e758,arm-24.04-24.x,357617625
2026-03-22T08:32:35Z,f78b5dbfaa620eba3b5f4c37518a6b8d5946e758,amd-alpine-24,254470386
2026-03-22T08:32:35Z,f78b5dbfaa620eba3b5f4c37518a6b8d5946e758,arm-alpine-24,246254536
2026-03-22T09:10:47Z,5a1bb34038d48646dddb32cdd79ec9caf7302837,amd-24.04-24.x,361310352
2026-03-22T09:10:47Z,5a1bb34038d48646dddb32cdd79ec9caf7302837,arm-24.04-24.x,357628102
2026-03-22T09:10:47Z,5a1bb34038d48646dddb32cdd79ec9caf7302837,amd-alpine-24,254469208
2026-03-22T09:10:47Z,5a1bb34038d48646dddb32cdd79ec9caf7302837,arm-alpine-24,246256030
2026-03-22T09:32:49Z,18ba8f3c889a34b693361dacedb5f66cbbe283fb,amd-24.04-24.x,361314664
2026-03-22T09:32:49Z,18ba8f3c889a34b693361dacedb5f66cbbe283fb,arm-24.04-24.x,357630429
2026-03-22T09:32:49Z,18ba8f3c889a34b693361dacedb5f66cbbe283fb,amd-alpine-24,254470074
2026-03-22T09:32:49Z,18ba8f3c889a34b693361dacedb5f66cbbe283fb,arm-alpine-24,246254465
2026-03-22T12:03:38Z,570acaaff307f54b10f09b9d95b320407e35e82c,amd-24.04-24.x,361311779
2026-03-22T12:03:38Z,570acaaff307f54b10f09b9d95b320407e35e82c,arm-24.04-24.x,357631028
2026-03-22T12:03:38Z,570acaaff307f54b10f09b9d95b320407e35e82c,amd-alpine-24,254468622
2026-03-22T12:03:38Z,570acaaff307f54b10f09b9d95b320407e35e82c,arm-alpine-24,246254192
2026-03-22T20:00:51Z,8e6fc8702e83851c642e2521924c87cc376d84bb,amd-24.04-24.x,361316545
2026-03-22T20:00:51Z,8e6fc8702e83851c642e2521924c87cc376d84bb,arm-24.04-24.x,357629142
2026-03-22T20:00:51Z,8e6fc8702e83851c642e2521924c87cc376d84bb,amd-alpine-24,254468335
2026-03-22T20:00:51Z,8e6fc8702e83851c642e2521924c87cc376d84bb,arm-alpine-24,246253605
2026-03-23T10:26:13Z,47158c74baf5bf5b7a904d8fdd0d77b9699a34ca,amd-24.04-24.x,361334334
2026-03-23T10:26:13Z,47158c74baf5bf5b7a904d8fdd0d77b9699a34ca,arm-24.04-24.x,357685091
2026-03-23T10:26:13Z,47158c74baf5bf5b7a904d8fdd0d77b9699a34ca,amd-alpine-24,254468087
2026-03-23T10:26:13Z,47158c74baf5bf5b7a904d8fdd0d77b9699a34ca,arm-alpine-24,246254656
2026-03-23T18:42:00Z,1798c8ac0f3acc74ec7a04d1b44d0ee73c5c9fc2,amd-24.04-24.x,361334337
2026-03-23T18:42:00Z,1798c8ac0f3acc74ec7a04d1b44d0ee73c5c9fc2,arm-24.04-24.x,357685642
2026-03-23T18:42:00Z,1798c8ac0f3acc74ec7a04d1b44d0ee73c5c9fc2,amd-alpine-24,254469290
2026-03-23T18:42:00Z,1798c8ac0f3acc74ec7a04d1b44d0ee73c5c9fc2,arm-alpine-24,246256634
2026-03-23T19:06:06Z,37de53a69f15f9d5cf797d5809690a1409fd559e,amd-24.04-24.x,361337061
2026-03-23T19:06:06Z,37de53a69f15f9d5cf797d5809690a1409fd559e,arm-24.04-24.x,357685684
2026-03-23T19:06:06Z,37de53a69f15f9d5cf797d5809690a1409fd559e,amd-alpine-24,254468945
2026-03-23T19:06:06Z,37de53a69f15f9d5cf797d5809690a1409fd559e,arm-alpine-24,246254005
2026-03-23T21:01:31Z,95ba70b1c553c3651926b1ed9dfa2dfb3d761588,amd-24.04-24.x,361338866
2026-03-23T21:01:31Z,95ba70b1c553c3651926b1ed9dfa2dfb3d761588,arm-24.04-24.x,357687121
2026-03-23T21:01:31Z,95ba70b1c553c3651926b1ed9dfa2dfb3d761588,amd-alpine-24,254467835
2026-03-23T21:01:31Z,95ba70b1c553c3651926b1ed9dfa2dfb3d761588,arm-alpine-24,246254663
2026-03-23T21:10:18Z,44bc530acec5029b0ec029ea6503440da1f94e0a,amd-24.04-24.x,361339010
2026-03-23T21:10:18Z,44bc530acec5029b0ec029ea6503440da1f94e0a,arm-24.04-24.x,357688079
2026-03-23T21:10:18Z,44bc530acec5029b0ec029ea6503440da1f94e0a,amd-alpine-24,254468194
2026-03-23T21:10:18Z,44bc530acec5029b0ec029ea6503440da1f94e0a,arm-alpine-24,246254712
2026-03-24T05:11:12Z,4d309b9e6677b6147f1f3ef68bd6c579a91788b5,amd-24.04-24.x,361338196
2026-03-24T05:11:12Z,4d309b9e6677b6147f1f3ef68bd6c579a91788b5,arm-24.04-24.x,357687762
2026-03-24T05:11:12Z,4d309b9e6677b6147f1f3ef68bd6c579a91788b5,amd-alpine-24,254467414
2026-03-24T05:11:12Z,4d309b9e6677b6147f1f3ef68bd6c579a91788b5,arm-alpine-24,246254212
2026-03-25T05:48:28Z,2aab07f657dde7a6f9e141a51507e8e5c7059dd0,amd-24.04-24.x,361341461
2026-03-25T05:48:28Z,2aab07f657dde7a6f9e141a51507e8e5c7059dd0,arm-24.04-24.x,357688849
2026-03-25T05:48:28Z,2aab07f657dde7a6f9e141a51507e8e5c7059dd0,amd-alpine-24,254469530
2026-03-25T05:48:28Z,2aab07f657dde7a6f9e141a51507e8e5c7059dd0,arm-alpine-24,246255258
2026-03-25T05:56:55Z,aba477d6526e7dfa2e8c52a971e1e92b589eb106,amd-24.04-24.x,361342142
2026-03-25T05:56:55Z,aba477d6526e7dfa2e8c52a971e1e92b589eb106,arm-24.04-24.x,357688422
2026-03-25T05:56:55Z,aba477d6526e7dfa2e8c52a971e1e92b589eb106,amd-alpine-24,254469419
2026-03-25T05:56:55Z,aba477d6526e7dfa2e8c52a971e1e92b589eb106,arm-alpine-24,246254261
2026-03-25T06:04:30Z,b6e8bcd9116fc09e3d04c35d442164943031acb9,amd-24.04-24.x,361340780
2026-03-25T06:04:30Z,b6e8bcd9116fc09e3d04c35d442164943031acb9,arm-24.04-24.x,357689009
2026-03-25T06:04:30Z,b6e8bcd9116fc09e3d04c35d442164943031acb9,amd-alpine-24,254468935
2026-03-25T06:04:30Z,b6e8bcd9116fc09e3d04c35d442164943031acb9,arm-alpine-24,246254412
2026-03-25T17:03:02Z,64c53327aecb0b75a3d530afbeeb0463277404f9,amd-24.04-24.x,361320329
2026-03-25T17:03:02Z,64c53327aecb0b75a3d530afbeeb0463277404f9,arm-24.04-24.x,357670854
2026-03-25T17:03:02Z,64c53327aecb0b75a3d530afbeeb0463277404f9,amd-alpine-24,254468570
2026-03-25T17:03:02Z,64c53327aecb0b75a3d530afbeeb0463277404f9,arm-alpine-24,246255182
2026-03-26T04:25:49Z,23c6658426d5b17bc4061d0c2726b7ba5269dd91,amd-24.04-24.x,361322378
2026-03-26T04:25:49Z,23c6658426d5b17bc4061d0c2726b7ba5269dd91,arm-24.04-24.x,357670723
2026-03-26T04:25:49Z,23c6658426d5b17bc4061d0c2726b7ba5269dd91,amd-alpine-24,254470227
2026-03-26T04:25:49Z,23c6658426d5b17bc4061d0c2726b7ba5269dd91,arm-alpine-24,246254047
2026-03-26T05:06:58Z,e28351ef3fa8ec53bbb0f165e290eba23bc3ed82,amd-24.04-24.x,361322242
2026-03-26T05:06:58Z,e28351ef3fa8ec53bbb0f165e290eba23bc3ed82,arm-24.04-24.x,357670055
2026-03-26T05:06:58Z,e28351ef3fa8ec53bbb0f165e290eba23bc3ed82,amd-alpine-24,254469486
2026-03-26T05:06:58Z,e28351ef3fa8ec53bbb0f165e290eba23bc3ed82,arm-alpine-24,246255491
2026-03-26T13:52:57Z,7a8b086cb19fb9c57d3db3945eb6c71248b63337,amd-24.04-24.x,361321036
2026-03-26T13:52:57Z,7a8b086cb19fb9c57d3db3945eb6c71248b63337,arm-24.04-24.x,357670094
2026-03-26T13:52:57Z,7a8b086cb19fb9c57d3db3945eb6c71248b63337,amd-alpine-24,254468345
2026-03-26T13:52:57Z,7a8b086cb19fb9c57d3db3945eb6c71248b63337,arm-alpine-24,246254808
2026-03-26T18:26:32Z,ec9096fbf9b858f4a037b4a98023513f1cc7369e,amd-24.04-24.x,357382711
2026-03-26T18:26:32Z,ec9096fbf9b858f4a037b4a98023513f1cc7369e,arm-24.04-24.x,353734952
2026-03-26T18:26:32Z,ec9096fbf9b858f4a037b4a98023513f1cc7369e,amd-alpine-24,254556238
2026-03-26T18:26:32Z,ec9096fbf9b858f4a037b4a98023513f1cc7369e,arm-alpine-24,246341788
2026-03-26T18:30:55Z,494baed5751ab85fb81aad83927c559d4fdbb3ba,amd-24.04-24.x,357382979
2026-03-26T18:30:55Z,494baed5751ab85fb81aad83927c559d4fdbb3ba,arm-24.04-24.x,353735638
2026-03-26T18:30:55Z,494baed5751ab85fb81aad83927c559d4fdbb3ba,amd-alpine-24,254555780
2026-03-26T18:30:55Z,494baed5751ab85fb81aad83927c559d4fdbb3ba,arm-alpine-24,246341095
2026-03-26T18:59:38Z,80305681e3ac983dfc11c935ee7725965a1e799f,amd-24.04-24.x,357385088
2026-03-26T18:59:38Z,80305681e3ac983dfc11c935ee7725965a1e799f,arm-24.04-24.x,353734755
2026-03-26T18:59:38Z,80305681e3ac983dfc11c935ee7725965a1e799f,amd-alpine-24,254556880
2026-03-26T18:59:38Z,80305681e3ac983dfc11c935ee7725965a1e799f,arm-alpine-24,246341482
2026-03-26T20:18:27Z,49174130052a2e7e5c1c55162b73184c0c5bbe55,amd-24.04-24.x,357381541
2026-03-26T20:18:27Z,49174130052a2e7e5c1c55162b73184c0c5bbe55,arm-24.04-24.x,353734553
2026-03-26T20:18:27Z,49174130052a2e7e5c1c55162b73184c0c5bbe55,amd-alpine-24,254556649
2026-03-26T20:18:27Z,49174130052a2e7e5c1c55162b73184c0c5bbe55,arm-alpine-24,246342076
2026-03-26T20:39:20Z,cab2c148294bbe26e54cd2700d8d96035c84f3a0,amd-24.04-24.x,357384872
2026-03-26T20:39:20Z,cab2c148294bbe26e54cd2700d8d96035c84f3a0,arm-24.04-24.x,353736015
2026-03-26T20:39:20Z,cab2c148294bbe26e54cd2700d8d96035c84f3a0,amd-alpine-24,254557261
2026-03-26T20:39:20Z,cab2c148294bbe26e54cd2700d8d96035c84f3a0,arm-alpine-24,246342735
2026-03-28T06:47:25Z,18466b74deaaceeb34e806781afea719c78ec119,amd-24.04-24.x,357387652
2026-03-28T06:47:25Z,18466b74deaaceeb34e806781afea719c78ec119,arm-24.04-24.x,353736797
2026-03-28T06:47:25Z,18466b74deaaceeb34e806781afea719c78ec119,amd-alpine-24,254558247
2026-03-28T06:47:25Z,18466b74deaaceeb34e806781afea719c78ec119,arm-alpine-24,246342402
2026-03-28T07:05:45Z,c393ac8dcc97e4d9554290a10614c648f1a2e628,amd-24.04-24.x,357384391
2026-03-28T07:05:45Z,c393ac8dcc97e4d9554290a10614c648f1a2e628,arm-24.04-24.x,353736594
2026-03-28T07:05:45Z,c393ac8dcc97e4d9554290a10614c648f1a2e628,amd-alpine-24,254557436
2026-03-28T07:05:45Z,c393ac8dcc97e4d9554290a10614c648f1a2e628,arm-alpine-24,246343761
2026-03-28T07:22:00Z,9b8a662d77a6e9cdacf9d3abafb3dce4c2cbfc04,amd-24.04-24.x,357389070
2026-03-28T07:22:00Z,9b8a662d77a6e9cdacf9d3abafb3dce4c2cbfc04,arm-24.04-24.x,353736166
2026-03-28T07:22:00Z,9b8a662d77a6e9cdacf9d3abafb3dce4c2cbfc04,amd-alpine-24,254557562
2026-03-28T07:22:00Z,9b8a662d77a6e9cdacf9d3abafb3dce4c2cbfc04,arm-alpine-24,246342612
2026-03-28T08:29:20Z,f0d2c0d24e96d8eb7c7f332a8b4a9743cec68e37,amd-24.04-24.x,357389289
2026-03-28T08:29:20Z,f0d2c0d24e96d8eb7c7f332a8b4a9743cec68e37,arm-24.04-24.x,353736101
2026-03-28T08:29:20Z,f0d2c0d24e96d8eb7c7f332a8b4a9743cec68e37,amd-alpine-24,254557464
2026-03-28T08:29:20Z,f0d2c0d24e96d8eb7c7f332a8b4a9743cec68e37,arm-alpine-24,246342896
2026-03-29T06:40:53Z,7f6e136f7dfc882159c0ab9cc1a96bfe8d86d096,amd-24.04-24.x,357388176
2026-03-29T06:40:53Z,7f6e136f7dfc882159c0ab9cc1a96bfe8d86d096,arm-24.04-24.x,353736348
2026-03-29T06:40:53Z,7f6e136f7dfc882159c0ab9cc1a96bfe8d86d096,amd-alpine-24,254557259
2026-03-29T06:40:53Z,7f6e136f7dfc882159c0ab9cc1a96bfe8d86d096,arm-alpine-24,246343565
2026-03-29T06:47:17Z,f8d4bf6c8f8ac21abc474f53231a78302d5a1eea,amd-24.04-24.x,357383459
2026-03-29T06:47:17Z,f8d4bf6c8f8ac21abc474f53231a78302d5a1eea,arm-24.04-24.x,353734955
2026-03-29T06:47:17Z,f8d4bf6c8f8ac21abc474f53231a78302d5a1eea,amd-alpine-24,254556303
2026-03-29T06:47:17Z,f8d4bf6c8f8ac21abc474f53231a78302d5a1eea,arm-alpine-24,246343724
2026-03-29T06:57:05Z,9171a760bc8e159c4d401804f7ef8fbd243866c8,amd-24.04-24.x,357509171
2026-03-29T06:57:05Z,9171a760bc8e159c4d401804f7ef8fbd243866c8,arm-24.04-24.x,353862127
2026-03-29T06:57:05Z,9171a760bc8e159c4d401804f7ef8fbd243866c8,amd-alpine-24,254683395
2026-03-29T06:57:05Z,9171a760bc8e159c4d401804f7ef8fbd243866c8,arm-alpine-24,246467932
2026-03-29T07:15:03Z,bd22c7737a2ec59b173bd45b2cd7a4950c11ba35,amd-24.04-24.x,357508533
2026-03-29T07:15:03Z,bd22c7737a2ec59b173bd45b2cd7a4950c11ba35,arm-24.04-24.x,353861482
2026-03-29T07:15:03Z,bd22c7737a2ec59b173bd45b2cd7a4950c11ba35,amd-alpine-24,254683667
2026-03-29T07:15:03Z,bd22c7737a2ec59b173bd45b2cd7a4950c11ba35,arm-alpine-24,246468138
2026-03-29T07:41:59Z,44b4ba942c1b9b26737b464606c4a2c53cdaa22c,amd-24.04-24.x,357509967
2026-03-29T07:41:59Z,44b4ba942c1b9b26737b464606c4a2c53cdaa22c,arm-24.04-24.x,353861679
2026-03-29T07:41:59Z,44b4ba942c1b9b26737b464606c4a2c53cdaa22c,amd-alpine-24,254681865
2026-03-29T07:41:59Z,44b4ba942c1b9b26737b464606c4a2c53cdaa22c,arm-alpine-24,246468672
2026-03-31T04:37:14Z,e7b0d96ad13af9707485631e02879de8169e264a,amd-24.04-24.x,358384573
2026-03-31T04:37:14Z,e7b0d96ad13af9707485631e02879de8169e264a,arm-24.04-24.x,354752623
2026-03-31T04:37:14Z,e7b0d96ad13af9707485631e02879de8169e264a,amd-alpine-24,254780847
2026-03-31T04:37:14Z,e7b0d96ad13af9707485631e02879de8169e264a,arm-alpine-24,246559492
2026-04-01T18:44:44Z,b16466aa06f58f875a9c36ed7b521ceea95498eb,amd-24.04-24.x,358391809
2026-04-01T18:44:44Z,b16466aa06f58f875a9c36ed7b521ceea95498eb,arm-24.04-24.x,354764114
2026-04-01T18:44:44Z,b16466aa06f58f875a9c36ed7b521ceea95498eb,amd-alpine-24,254780559
2026-04-01T18:44:44Z,b16466aa06f58f875a9c36ed7b521ceea95498eb,arm-alpine-24,246560677
2026-04-01T18:54:30Z,1961f0f35f2a1f42929baedaa93f351b922e42d1,amd-24.04-24.x,358392081
2026-04-01T18:54:30Z,1961f0f35f2a1f42929baedaa93f351b922e42d1,arm-24.04-24.x,354759835
2026-04-01T18:54:30Z,1961f0f35f2a1f42929baedaa93f351b922e42d1,amd-alpine-24,254780570
2026-04-01T18:54:30Z,1961f0f35f2a1f42929baedaa93f351b922e42d1,arm-alpine-24,246561158
2026-04-01T19:03:47Z,1d88fa52bf781385ac4b248819b51f3c29599003,amd-24.04-24.x,358396965
2026-04-01T19:03:47Z,1d88fa52bf781385ac4b248819b51f3c29599003,arm-24.04-24.x,354767735
2026-04-01T19:03:47Z,1d88fa52bf781385ac4b248819b51f3c29599003,amd-alpine-24,254780291
2026-04-01T19:03:47Z,1d88fa52bf781385ac4b248819b51f3c29599003,arm-alpine-24,246560762
2026-04-01T19:42:09Z,aa13ba0b116ae5d77bf54f544ca0a141654be817,amd-24.04-24.x,358397653
2026-04-01T19:42:09Z,aa13ba0b116ae5d77bf54f544ca0a141654be817,arm-24.04-24.x,354768312
2026-04-01T19:42:09Z,aa13ba0b116ae5d77bf54f544ca0a141654be817,amd-alpine-24,254779799
2026-04-01T19:42:09Z,aa13ba0b116ae5d77bf54f544ca0a141654be817,arm-alpine-24,246560077
2026-04-01T19:56:58Z,1f4c1cb1e1561c341d9ae3e77b72016750ac4006,amd-24.04-24.x,358396212
2026-04-01T19:56:58Z,1f4c1cb1e1561c341d9ae3e77b72016750ac4006,arm-24.04-24.x,354768204
2026-04-01T19:56:58Z,1f4c1cb1e1561c341d9ae3e77b72016750ac4006,amd-alpine-24,254780149
2026-04-01T19:56:58Z,1f4c1cb1e1561c341d9ae3e77b72016750ac4006,arm-alpine-24,246560266
2026-04-02T05:47:01Z,a8ac65e757d8f17b6552b419a03a79f2f2d0074b,amd-24.04-24.x,358402436
2026-04-02T05:47:01Z,a8ac65e757d8f17b6552b419a03a79f2f2d0074b,arm-24.04-24.x,354771846
2026-04-02T05:47:01Z,a8ac65e757d8f17b6552b419a03a79f2f2d0074b,amd-alpine-24,254782518
2026-04-02T05:47:01Z,a8ac65e757d8f17b6552b419a03a79f2f2d0074b,arm-alpine-24,246562059
2026-04-05T19:02:27Z,70aff849753467786541acaa81c97fe41f4002c8,amd-24.04-24.x,358398058
2026-04-05T19:02:27Z,70aff849753467786541acaa81c97fe41f4002c8,arm-24.04-24.x,354767964
2026-04-05T19:02:27Z,70aff849753467786541acaa81c97fe41f4002c8,amd-alpine-24,254781028
2026-04-05T19:02:27Z,70aff849753467786541acaa81c97fe41f4002c8,arm-alpine-24,246561006
2026-04-05T19:18:45Z,f42ac1e9c201aa7faac0a2053016819db6511104,amd-24.04-24.x,358403058
2026-04-05T19:18:45Z,f42ac1e9c201aa7faac0a2053016819db6511104,arm-24.04-24.x,354772583
2026-04-05T19:18:45Z,f42ac1e9c201aa7faac0a2053016819db6511104,amd-alpine-24,254782905
2026-04-05T19:18:45Z,f42ac1e9c201aa7faac0a2053016819db6511104,arm-alpine-24,246563740
2026-04-06T16:35:56Z,d9d3d1bc9e61d5f2d837653a7f5c86c76e2639bb,amd-24.04-24.x,358924292
2026-04-06T16:35:56Z,d9d3d1bc9e61d5f2d837653a7f5c86c76e2639bb,arm-24.04-24.x,355402363
2026-04-06T16:35:56Z,d9d3d1bc9e61d5f2d837653a7f5c86c76e2639bb,amd-alpine-24,254756032
2026-04-06T16:35:56Z,d9d3d1bc9e61d5f2d837653a7f5c86c76e2639bb,arm-alpine-24,246536870
2026-04-07T04:43:36Z,9cd2ebe0ff1c92eaf305ba1c66e5bd23a7baff5b,amd-24.04-24.x,358923550
2026-04-07T04:43:36Z,9cd2ebe0ff1c92eaf305ba1c66e5bd23a7baff5b,arm-24.04-24.x,355406129
2026-04-07T04:43:36Z,9cd2ebe0ff1c92eaf305ba1c66e5bd23a7baff5b,amd-alpine-24,254758950
2026-04-07T04:43:36Z,9cd2ebe0ff1c92eaf305ba1c66e5bd23a7baff5b,arm-alpine-24,246540480
2026-04-07T04:48:37Z,215d81eb700d5419c3396a0fbf23f2e246dfac2d,amd-24.04-24.x,358926757
2026-04-07T04:48:37Z,215d81eb700d5419c3396a0fbf23f2e246dfac2d,arm-24.04-24.x,355407995
2026-04-07T04:48:37Z,215d81eb700d5419c3396a0fbf23f2e246dfac2d,amd-alpine-24,254760670
2026-04-07T04:48:37Z,215d81eb700d5419c3396a0fbf23f2e246dfac2d,arm-alpine-24,246541142
2026-04-07T04:58:13Z,5e85731e0ddbe257471923afd6d934ad8543af46,amd-24.04-24.x,358927362
2026-04-07T04:58:13Z,5e85731e0ddbe257471923afd6d934ad8543af46,arm-24.04-24.x,355410552
2026-04-07T04:58:13Z,5e85731e0ddbe257471923afd6d934ad8543af46,amd-alpine-24,254758946
2026-04-07T04:58:13Z,5e85731e0ddbe257471923afd6d934ad8543af46,arm-alpine-24,246540732
2026-04-08T05:48:51Z,be129ee49902ca7b8ed69564e9fb3afdc75ad4cf,amd-24.04-24.x,358927598
2026-04-08T05:48:51Z,be129ee49902ca7b8ed69564e9fb3afdc75ad4cf,arm-24.04-24.x,355410003
2026-04-08T05:48:51Z,be129ee49902ca7b8ed69564e9fb3afdc75ad4cf,amd-alpine-24,254760126
2026-04-08T05:48:51Z,be129ee49902ca7b8ed69564e9fb3afdc75ad4cf,arm-alpine-24,246541815
2026-04-09T15:15:56Z,22c02226d8efac41bf05347ab5e6f20263aab6ed,amd-24.04-24.x,358969562
2026-04-09T15:15:56Z,22c02226d8efac41bf05347ab5e6f20263aab6ed,arm-24.04-24.x,355458026
2026-04-09T15:15:56Z,22c02226d8efac41bf05347ab5e6f20263aab6ed,amd-alpine-24,254805489
2026-04-09T15:15:56Z,22c02226d8efac41bf05347ab5e6f20263aab6ed,arm-alpine-24,246586028
2026-04-11T05:48:07Z,500627dd9ced2ef77dea3c7b68c28bcc3560ec8d,amd-24.04-24.x,358959568
2026-04-11T05:48:07Z,500627dd9ced2ef77dea3c7b68c28bcc3560ec8d,arm-24.04-24.x,355442447
2026-04-11T05:48:07Z,500627dd9ced2ef77dea3c7b68c28bcc3560ec8d,amd-alpine-24,254784804
2026-04-11T05:48:07Z,500627dd9ced2ef77dea3c7b68c28bcc3560ec8d,arm-alpine-24,246563710
2026-04-11T05:55:51Z,e6817614d73203603cfcc4b4b54476695716b185,amd-24.04-24.x,358957337
2026-04-11T05:55:51Z,e6817614d73203603cfcc4b4b54476695716b185,arm-24.04-24.x,355443914
2026-04-11T05:55:51Z,e6817614d73203603cfcc4b4b54476695716b185,amd-alpine-24,254783090
2026-04-11T05:55:51Z,e6817614d73203603cfcc4b4b54476695716b185,arm-alpine-24,246563480
2026-04-11T06:11:55Z,bba3b4363d87966131c36f521de6978c13941dfd,amd-24.04-24.x,358964267
2026-04-11T06:11:55Z,bba3b4363d87966131c36f521de6978c13941dfd,arm-24.04-24.x,355443611
2026-04-11T06:11:55Z,bba3b4363d87966131c36f521de6978c13941dfd,amd-alpine-24,254784037
2026-04-11T06:11:55Z,bba3b4363d87966131c36f521de6978c13941dfd,arm-alpine-24,246563485
2026-04-11T07:20:54Z,a747b15ae2dc6d911b61f4a669b18ef0f778bc10,amd-24.04-24.x,358962989
2026-04-11T07:20:54Z,a747b15ae2dc6d911b61f4a669b18ef0f778bc10,arm-24.04-24.x,355443664
2026-04-11T07:20:54Z,a747b15ae2dc6d911b61f4a669b18ef0f778bc10,amd-alpine-24,254786811
2026-04-11T07:20:54Z,a747b15ae2dc6d911b61f4a669b18ef0f778bc10,arm-alpine-24,246565553
2026-04-14T05:28:26Z,ed4859b46c8c30131e23a6ab3ae82b80290cd656,amd-24.04-24.x,359981715
2026-04-14T05:28:26Z,ed4859b46c8c30131e23a6ab3ae82b80290cd656,arm-24.04-24.x,356224642
2026-04-14T05:28:26Z,ed4859b46c8c30131e23a6ab3ae82b80290cd656,amd-alpine-24,255239073
2026-04-14T05:28:26Z,ed4859b46c8c30131e23a6ab3ae82b80290cd656,arm-alpine-24,247006361
2026-04-17T17:58:07Z,9ef0325ce18e49a5c6c2f87eed4ea26516524a9a,amd-24.04-24.x,362471581
2026-04-17T17:58:07Z,9ef0325ce18e49a5c6c2f87eed4ea26516524a9a,arm-24.04-24.x,358729774
2026-04-17T17:58:07Z,9ef0325ce18e49a5c6c2f87eed4ea26516524a9a,amd-alpine-24,257732786
2026-04-17T17:58:07Z,9ef0325ce18e49a5c6c2f87eed4ea26516524a9a,arm-alpine-24,249501045
2026-04-17T18:13:08Z,384fb71112644e91c508fca02bf376bc18b18d49,amd-24.04-24.x,362474852
2026-04-17T18:13:08Z,384fb71112644e91c508fca02bf376bc18b18d49,arm-24.04-24.x,358730118
2026-04-17T18:13:08Z,384fb71112644e91c508fca02bf376bc18b18d49,amd-alpine-24,257733748
2026-04-17T18:13:08Z,384fb71112644e91c508fca02bf376bc18b18d49,arm-alpine-24,249500102
2026-04-17T18:29:57Z,7af33cf9afe41bed3624843dbd94eb23449d9e75,amd-24.04-24.x,362473097
2026-04-17T18:29:57Z,7af33cf9afe41bed3624843dbd94eb23449d9e75,arm-24.04-24.x,358728904
2026-04-17T18:29:57Z,7af33cf9afe41bed3624843dbd94eb23449d9e75,amd-alpine-24,257732490
2026-04-17T18:29:57Z,7af33cf9afe41bed3624843dbd94eb23449d9e75,arm-alpine-24,249502695
2026-04-17T18:36:29Z,7a7f10792aea644d0057f7c19fe4089a8609f053,amd-24.04-24.x,362481265
2026-04-17T18:36:29Z,7a7f10792aea644d0057f7c19fe4089a8609f053,arm-24.04-24.x,358735234
2026-04-17T18:36:29Z,7a7f10792aea644d0057f7c19fe4089a8609f053,amd-alpine-24,257732625
2026-04-17T18:36:29Z,7a7f10792aea644d0057f7c19fe4089a8609f053,arm-alpine-24,249502425
2026-04-18T05:20:17Z,2c15657bfc5b9bde9f184d9b10b0c884934a3b21,amd-24.04-24.x,362534106
2026-04-18T05:20:17Z,2c15657bfc5b9bde9f184d9b10b0c884934a3b21,arm-24.04-24.x,358778150
2026-04-18T05:20:17Z,2c15657bfc5b9bde9f184d9b10b0c884934a3b21,amd-alpine-24,257783259
2026-04-18T05:20:17Z,2c15657bfc5b9bde9f184d9b10b0c884934a3b21,arm-alpine-24,249549180
2026-04-18T06:10:10Z,247ca2f4ad635e4557bb87bcae241bcc8f2c4ede,amd-24.04-24.x,362530969
2026-04-18T06:10:10Z,247ca2f4ad635e4557bb87bcae241bcc8f2c4ede,arm-24.04-24.x,358778220
2026-04-18T06:10:10Z,247ca2f4ad635e4557bb87bcae241bcc8f2c4ede,amd-alpine-24,257782165
2026-04-18T06:10:10Z,247ca2f4ad635e4557bb87bcae241bcc8f2c4ede,arm-alpine-24,249549959
2026-04-19T06:33:04Z,7f4f9fa038a373e813783ae8348d5f5ab195c689,amd-24.04-24.x,362535576
2026-04-19T06:33:04Z,7f4f9fa038a373e813783ae8348d5f5ab195c689,arm-24.04-24.x,358776766
2026-04-19T06:33:04Z,7f4f9fa038a373e813783ae8348d5f5ab195c689,amd-alpine-24,257782198
2026-04-19T06:33:04Z,7f4f9fa038a373e813783ae8348d5f5ab195c689,arm-alpine-24,249553251
2026-04-19T06:50:21Z,9fec95f4386404cd311c9a445065513871ad9aa8,amd-24.04-24.x,362535993
2026-04-19T06:50:21Z,9fec95f4386404cd311c9a445065513871ad9aa8,arm-24.04-24.x,358776702
2026-04-19T06:50:21Z,9fec95f4386404cd311c9a445065513871ad9aa8,amd-alpine-24,257784947
2026-04-19T06:50:21Z,9fec95f4386404cd311c9a445065513871ad9aa8,arm-alpine-24,249552567
2026-04-19T19:45:14Z,7db2b21b6c25090b744467421dc44d62862df920,amd-24.04-24.x,362496261
2026-04-19T19:45:14Z,7db2b21b6c25090b744467421dc44d62862df920,arm-24.04-24.x,358746028
2026-04-19T19:45:14Z,7db2b21b6c25090b744467421dc44d62862df920,amd-alpine-24,257750766
2026-04-19T19:45:14Z,7db2b21b6c25090b744467421dc44d62862df920,arm-alpine-24,249521590
2026-04-19T19:54:03Z,43b9f4b61eae05b6452c4c911058604537b39270,amd-24.04-24.x,362494853
2026-04-19T19:54:03Z,43b9f4b61eae05b6452c4c911058604537b39270,arm-24.04-24.x,358743978
2026-04-19T19:54:03Z,43b9f4b61eae05b6452c4c911058604537b39270,amd-alpine-24,257752021
2026-04-19T19:54:03Z,43b9f4b61eae05b6452c4c911058604537b39270,arm-alpine-24,249521074
2026-04-20T06:47:55Z,7ac52d5a8e980698be52c444921428ae0474d043,amd-24.04-24.x,359121130
2026-04-20T06:47:55Z,7ac52d5a8e980698be52c444921428ae0474d043,arm-24.04-24.x,355676207
2026-04-20T06:47:55Z,7ac52d5a8e980698be52c444921428ae0474d043,amd-alpine-24,257561199
2026-04-20T06:47:55Z,7ac52d5a8e980698be52c444921428ae0474d043,arm-alpine-24,249358748
2026-04-21T04:23:53Z,f550eb577a5c911b39338a5f6a91b0f58656b867,amd-24.04-24.x,359119833
2026-04-21T04:23:53Z,f550eb577a5c911b39338a5f6a91b0f58656b867,arm-24.04-24.x,355676295
2026-04-21T04:23:53Z,f550eb577a5c911b39338a5f6a91b0f58656b867,amd-alpine-24,257559324
2026-04-21T04:23:53Z,f550eb577a5c911b39338a5f6a91b0f58656b867,arm-alpine-24,249359241
2026-04-21T18:29:22Z,6aa34d83e13f35ee236645cdb49f4cd06e4bc212,amd-24.04-24.x,359101376
2026-04-21T18:29:22Z,6aa34d83e13f35ee236645cdb49f4cd06e4bc212,arm-24.04-24.x,355659300
2026-04-21T18:29:22Z,6aa34d83e13f35ee236645cdb49f4cd06e4bc212,amd-alpine-24,257544625
2026-04-21T18:29:22Z,6aa34d83e13f35ee236645cdb49f4cd06e4bc212,arm-alpine-24,249341608
2026-04-22T04:11:06Z,45032fb51439299f4cb3f407e106260aaef3183b,amd-24.04-24.x,359107661
2026-04-22T04:11:06Z,45032fb51439299f4cb3f407e106260aaef3183b,arm-24.04-24.x,355663731
2026-04-22T04:11:06Z,45032fb51439299f4cb3f407e106260aaef3183b,amd-alpine-24,257560774
2026-04-22T04:11:06Z,45032fb51439299f4cb3f407e106260aaef3183b,arm-alpine-24,249358642
2026-04-23T12:03:16Z,d65608be3ea1808ae80e6f3e43ca2a95d50014db,amd-24.04-24.x,359109722
2026-04-23T12:03:16Z,d65608be3ea1808ae80e6f3e43ca2a95d50014db,arm-24.04-24.x,355668460
2026-04-23T12:03:16Z,d65608be3ea1808ae80e6f3e43ca2a95d50014db,amd-alpine-24,257560023
2026-04-23T12:03:16Z,d65608be3ea1808ae80e6f3e43ca2a95d50014db,arm-alpine-24,249358324
2026-04-23T17:57:00Z,e495fe938d3fcff38f588a96b563e6be9001ecf2,amd-24.04-24.x,359107784
2026-04-23T17:57:00Z,e495fe938d3fcff38f588a96b563e6be9001ecf2,arm-24.04-24.x,355666393
2026-04-23T17:57:00Z,e495fe938d3fcff38f588a96b563e6be9001ecf2,amd-alpine-24,257560025
2026-04-23T17:57:00Z,e495fe938d3fcff38f588a96b563e6be9001ecf2,arm-alpine-24,249358658
2026-04-23T18:01:49Z,0135f60800e8d3cae276c8277f2f60172a9b3473,amd-24.04-24.x,359106916
2026-04-23T18:01:49Z,0135f60800e8d3cae276c8277f2f60172a9b3473,arm-24.04-24.x,355670493
2026-04-23T18:01:49Z,0135f60800e8d3cae276c8277f2f60172a9b3473,amd-alpine-24,257560955
2026-04-23T18:01:49Z,0135f60800e8d3cae276c8277f2f60172a9b3473,arm-alpine-24,249360101
2026-04-23T18:07:07Z,a70560adb61dd7f776cf1d9065a3c4b6155ad35c,amd-24.04-24.x,359107119
2026-04-23T18:07:07Z,a70560adb61dd7f776cf1d9065a3c4b6155ad35c,arm-24.04-24.x,355670199
2026-04-23T18:07:07Z,a70560adb61dd7f776cf1d9065a3c4b6155ad35c,amd-alpine-24,257562401
2026-04-23T18:07:07Z,a70560adb61dd7f776cf1d9065a3c4b6155ad35c,arm-alpine-24,249360413
2026-04-23T18:14:47Z,4aeb24b2bac67b2092f7b51806c48c59eeb1b5e7,amd-24.04-24.x,359107709
2026-04-23T18:14:47Z,4aeb24b2bac67b2092f7b51806c48c59eeb1b5e7,arm-24.04-24.x,355671017
2026-04-23T18:14:47Z,4aeb24b2bac67b2092f7b51806c48c59eeb1b5e7,amd-alpine-24,257560912
2026-04-23T18:14:47Z,4aeb24b2bac67b2092f7b51806c48c59eeb1b5e7,arm-alpine-24,249360507
2026-04-25T18:21:46Z,39e8fcd5abef74c6a930294c36556633ac06551d,amd-24.04-24.x,359128780
2026-04-25T18:21:46Z,39e8fcd5abef74c6a930294c36556633ac06551d,arm-24.04-24.x,355683491
2026-04-25T18:21:46Z,39e8fcd5abef74c6a930294c36556633ac06551d,amd-alpine-24,257565075
2026-04-25T18:21:46Z,39e8fcd5abef74c6a930294c36556633ac06551d,arm-alpine-24,249362649
2026-04-25T18:49:02Z,d844451dcf0e2245154414393a22296592a867d9,amd-24.04-24.x,359129788
2026-04-25T18:49:02Z,d844451dcf0e2245154414393a22296592a867d9,arm-24.04-24.x,355683768
2026-04-25T18:49:02Z,d844451dcf0e2245154414393a22296592a867d9,amd-alpine-24,257564165
2026-04-25T18:49:02Z,d844451dcf0e2245154414393a22296592a867d9,arm-alpine-24,249362031
2026-04-29T04:13:10Z,7baa76a5c9def791045722d320665d49866b27bf,amd-24.04-24.x,359787726
2026-04-29T04:13:10Z,7baa76a5c9def791045722d320665d49866b27bf,arm-24.04-24.x,356380425
2026-04-29T04:13:10Z,7baa76a5c9def791045722d320665d49866b27bf,amd-alpine-24,257563545
2026-04-29T04:13:10Z,7baa76a5c9def791045722d320665d49866b27bf,arm-alpine-24,249363304
2026-04-29T05:57:06Z,d56c1b3334b57fd6ae08d19a733d513ba3b4f0ac,amd-24.04-24.x,359786603
2026-04-29T05:57:06Z,d56c1b3334b57fd6ae08d19a733d513ba3b4f0ac,arm-24.04-24.x,356384225
2026-04-29T05:57:06Z,d56c1b3334b57fd6ae08d19a733d513ba3b4f0ac,amd-alpine-24,257578970
2026-04-29T05:57:06Z,d56c1b3334b57fd6ae08d19a733d513ba3b4f0ac,arm-alpine-24,249378222
2026-04-30T04:33:14Z,300a14e6935cbc784902e1284fc9f2633c72451c,amd-24.04-24.x,359787284
2026-04-30T04:33:14Z,300a14e6935cbc784902e1284fc9f2633c72451c,arm-24.04-24.x,356385971
2026-04-30T04:33:14Z,300a14e6935cbc784902e1284fc9f2633c72451c,amd-alpine-24,257577476
2026-04-30T04:33:14Z,300a14e6935cbc784902e1284fc9f2633c72451c,arm-alpine-24,249380267
2026-05-01T23:17:37Z,d602bd648e177353aee201b216ee35f8edbe54ce,amd-24.04-24.x,359815916
2026-05-01T23:17:37Z,d602bd648e177353aee201b216ee35f8edbe54ce,arm-24.04-24.x,356406265
2026-05-01T23:17:37Z,d602bd648e177353aee201b216ee35f8edbe54ce,amd-alpine-24,257595338
2026-05-01T23:17:37Z,d602bd648e177353aee201b216ee35f8edbe54ce,arm-alpine-24,249394858
2026-05-04T04:08:30Z,eb17d3f98fcfa18fae00e4b2ec5f9efc3284aa92,amd-24.04-24.x,360327380
2026-05-04T04:08:30Z,eb17d3f98fcfa18fae00e4b2ec5f9efc3284aa92,arm-24.04-24.x,356999234
2026-05-04T04:08:30Z,eb17d3f98fcfa18fae00e4b2ec5f9efc3284aa92,amd-alpine-24,257603452
2026-05-04T04:08:30Z,eb17d3f98fcfa18fae00e4b2ec5f9efc3284aa92,arm-alpine-24,249400131
2026-05-05T04:57:38Z,b336cd3c81c89408382edbfa130bcab12401c776,amd-24.04-24.x,360328414
2026-05-05T04:57:38Z,b336cd3c81c89408382edbfa130bcab12401c776,arm-24.04-24.x,357001874
2026-05-05T04:57:38Z,b336cd3c81c89408382edbfa130bcab12401c776,amd-alpine-24,257607954
2026-05-05T04:57:38Z,b336cd3c81c89408382edbfa130bcab12401c776,arm-alpine-24,249404887
2026-05-05T07:38:25Z,676b2e034801e2cf117b1c04228dbc7a8d2361e3,amd-24.04-24.x,360342390
2026-05-05T07:38:25Z,676b2e034801e2cf117b1c04228dbc7a8d2361e3,arm-24.04-24.x,357006201
2026-05-05T07:38:25Z,676b2e034801e2cf117b1c04228dbc7a8d2361e3,amd-alpine-24,257604553
2026-05-05T07:38:25Z,676b2e034801e2cf117b1c04228dbc7a8d2361e3,arm-alpine-24,249403262
